{
  "project_info": {
    "project_number": "283281368162",
    "firebase_url": "https://prop-9bfae.firebaseio.com",
    "project_id": "prop-9bfae",
    "storage_bucket": "prop-9bfae.appspot.com"
  },
  "client": [
    {
      "client_info": {
        "mobilesdk_app_id": "1:283281368162:android:8611e031ee739570",
        "android_client_info": {
          "package_name": "com.example.apple.prop"
        }
      },
      "oauth_client": [
        {
          "client_id": "283281368162-ema5dks73i9bbedj36sbngnj9he9ashh.apps.googleusercontent.com",
          "client_type": 1,
          "android_info": {
            "package_name": "com.example.apple.prop",
            "certificate_hash": "52ba8faedfe7201f2f4fea77afddfce50f9a9211"
          }
        },
        {
          "client_id": "283281368162-l4rrhpjm2lba8u2d9iqtsndeldr1r8p8.apps.googleusercontent.com",
          "client_type": 3
        }
      ],
      "api_key": [
        {
          "current_key": "AIzaSyAHckwnJSryzDa0dkmLMK16bsXYXM0QFjo"
        }
      ],
      "services": {
        "appinvite_service": {
          "other_platform_oauth_client": [
            {
              "client_id": "283281368162-l4rrhpjm2lba8u2d9iqtsndeldr1r8p8.apps.googleusercontent.com",
              "client_type": 3
            }
          ]
        }
      }
    }
  ],
  "configuration_version": "1"
}